titulo;link
13 Beaches;https://www.letras.mus.br/lana-del-rey/13-beaches/
1949;https://www.letras.mus.br/lana-del-rey/1949/
24;https://www.letras.mus.br/lana-del-rey/24/
A Star For Nick;https://www.letras.mus.br/lana-del-rey/a-star-for-nick/
A&W;https://www.letras.mus.br/lana-del-rey/aew/
Afraid;https://www.letras.mus.br/lana-del-rey/afraid/
All Smiles;https://www.letras.mus.br/lana-del-rey/all-smiles/
American;https://www.letras.mus.br/lana-del-rey/american/
Angels Forever;https://www.letras.mus.br/lana-del-rey/angels-forever/
Arcadia;https://www.letras.mus.br/lana-del-rey/arcadia/
Architecture;https://www.letras.mus.br/lana-del-rey/architecture/
Art Deco;https://www.letras.mus.br/lana-del-rey/art-deco/
Aviation;https://www.letras.mus.br/lana-del-rey/aviation/
Axl Rose Husband;https://www.letras.mus.br/lana-del-rey/axl-rose-husband/
Baby Blue Love;https://www.letras.mus.br/lana-del-rey/baby-blue-love/
Back To The Basics;https://www.letras.mus.br/lana-del-rey/back-to-the-basics/
Backfire;https://www.letras.mus.br/lana-del-rey/backfire/
Backwards Over The Grass (feat. Violet Bent);https://www.letras.mus.br/lana-del-rey/backwards-over-the-grass-feat-violet-bent/
Bad Boy;https://www.letras.mus.br/lana-del-rey/bad-boy/
Bad Disease;https://www.letras.mus.br/lana-del-rey/bad-disease/
Bare Feet On Linoleum;https://www.letras.mus.br/lana-del-rey/bare-feet-on-linoleum/
Bartender;https://www.letras.mus.br/lana-del-rey/bartender/
BBM Baby;https://www.letras.mus.br/lana-del-rey/bbm-baby/
Be My Daddy;https://www.letras.mus.br/lana-del-rey/be-my-daddy/
Beautiful;https://www.letras.mus.br/lana-del-rey/beautiful/
Beautiful People (Demo);https://www.letras.mus.br/lana-del-rey/beautiful-people-demo/
Beautiful People, Beautiful Problems (feat. Stevie Nicks);https://www.letras.mus.br/lana-del-rey/beautiful-people-beautiful-problems/
Beautiful Player;https://www.letras.mus.br/lana-del-rey/beautiful-player/
Because Of You;https://www.letras.mus.br/lana-del-rey/because-of-you/
Behind Closed Doors;https://www.letras.mus.br/lana-del-rey/behind-closed-doors/
Bel Air;https://www.letras.mus.br/lana-del-rey/bel-air/
Bentley;https://www.letras.mus.br/lana-del-rey/bentley/
Betty Boop Boop;https://www.letras.mus.br/lana-del-rey/betty-boop-boop/
Big Bad Wolf;https://www.letras.mus.br/lana-del-rey/big-bad-wolf/
Big Eyes;https://www.letras.mus.br/lana-del-rey/big-eyes/
Birds Of a Feather;https://www.letras.mus.br/lana-del-rey/birds-of-a-feather/
Black Bathing Suit;https://www.letras.mus.br/lana-del-rey/black-bathing-suit/
Black Beauty;https://www.letras.mus.br/lana-del-rey/black-beauty/
Blizzard;https://www.letras.mus.br/lana-del-rey/blizzard/
Blue Banisters;https://www.letras.mus.br/lana-del-rey/blue-banisters/
Blue Jeans;https://www.letras.mus.br/lana-del-rey/1962806/
Blue Velvet;https://www.letras.mus.br/lana-del-rey/blue-velvet/
Boarding School;https://www.letras.mus.br/lana-del-rey/boarding-school/
Body Electric;https://www.letras.mus.br/lana-del-rey/body-eletric/
Born To Die;https://www.letras.mus.br/lana-del-rey/1985656/
Break My Fall;https://www.letras.mus.br/lana-del-rey/break-my-fall/
Break Up with Your Girlfriend, I'm Bored;https://www.letras.mus.br/lana-del-rey/break-up-with-your-girlfriend-im-bored/
Breaking My Heart;https://www.letras.mus.br/lana-del-rey/breaking-my-heart/
Breaking Up Slowly (feat. Nikki Lane);https://www.letras.mus.br/lana-del-rey/breaking-up-slowly/
Brite Lites;https://www.letras.mus.br/lana-del-rey/1999473/
Brooklyn Baby;https://www.letras.mus.br/lana-del-rey/brooklyn-baby/
Buddy's Rendezvous;https://www.letras.mus.br/lana-del-rey/buddys-rendezvous/
Burning Desire;https://www.letras.mus.br/lana-del-rey/burning-desire/
Burnt Norton (Interlude);https://www.letras.mus.br/lana-del-rey/burnt-norton-interlude/
Butterflies;https://www.letras.mus.br/lana-del-rey/butteflies/
Butterflies Part. 2;https://www.letras.mus.br/lana-del-rey/butterflies-part-2/
C U L8r Alligator;https://www.letras.mus.br/lana-del-rey/c-u-l8r-alligator/
California;https://www.letras.mus.br/lana-del-rey/california/
California (Unreleased);https://www.letras.mus.br/lana-del-rey/california-unreleased/
Candy Necklace (feat. Jon Batiste);https://www.letras.mus.br/lana-del-rey/candy-necklace-feat-jon-batiste/
Carmen;https://www.letras.mus.br/lana-del-rey/carmen/
Catch And Release;https://www.letras.mus.br/lana-del-rey/catch-and-release/
Caught You Boy;https://www.letras.mus.br/lana-del-rey/caught-you-boy/
Change;https://www.letras.mus.br/lana-del-rey/change/
Chasing Twisters;https://www.letras.mus.br/lana-del-rey/chasing-twisters/
Chelsea Hotel No. 2;https://www.letras.mus.br/lana-del-rey/chelsea-hotel-no-2/
Chemtrails Over The Country Club;https://www.letras.mus.br/lana-del-rey/chemtrails-over-the-country-club/
Cherry;https://www.letras.mus.br/lana-del-rey/cherry/
Cherry Blossom;https://www.letras.mus.br/lana-del-rey/cherry-blossom/
Chet Baker;https://www.letras.mus.br/lana-del-rey/chet-baker/
Children Of The Bad Revolution;https://www.letras.mus.br/lana-del-rey/children-of-a-bad-revolution/
Cinnamon Girl;https://www.letras.mus.br/lana-del-rey/cinnamon-girl/
Coachella - Woodstock In My Mind;https://www.letras.mus.br/lana-del-rey/coachella-woodstock-in-my-mind/
Coca Colla (Young And Free);https://www.letras.mus.br/lana-del-rey/coca-colla/
Cola;https://www.letras.mus.br/lana-del-rey/pussy-cola/
Come When You Call Me America;https://www.letras.mus.br/lana-del-rey/come-when-you-call-me-america/
Criminals Run The World;https://www.letras.mus.br/lana-del-rey/criminals-run-the-wolrd/
Crooked Cop;https://www.letras.mus.br/lana-del-rey/crooked-cop/
Cruel World;https://www.letras.mus.br/lana-del-rey/cruel-world/
Cry Me A River;https://www.letras.mus.br/lana-del-rey/cry-me-a-river/
Cult Leader;https://www.letras.mus.br/lana-del-rey/cult-leader-unreleased/
Daddy Issues;https://www.letras.mus.br/lana-del-rey/daddy-issues/
Daisy Chains (feat. A$ap Rocky & Playboi Carti);https://www.letras.mus.br/lana-del-rey/daisy-chains/
Damn You;https://www.letras.mus.br/lana-del-rey/damn-you/
Dance For Money;https://www.letras.mus.br/lana-del-rey/dance-for-money/
Dance Till We Die;https://www.letras.mus.br/lana-del-rey/dance-till-we-die/
Dangerous Girl;https://www.letras.mus.br/lana-del-rey/dangerous-girl/
Dark But Just a Game;https://www.letras.mus.br/lana-del-rey/dark-but-just-a-game/
Dark City (Unreleased);https://www.letras.mus.br/lana-del-rey/dark-city-unreleased/
Dark Paradise;https://www.letras.mus.br/lana-del-rey/dark-paradie/
Dayglo Reflection (feat. Bobby Womack);https://www.letras.mus.br/lana-del-rey/dayglo-reflection/
Daytona Meth;https://www.letras.mus.br/lana-del-rey/daytona-meth/
Dealer;https://www.letras.mus.br/lana-del-rey/dealer/
Delicious;https://www.letras.mus.br/lana-del-rey/delicious/
Did you know that there's a tunnel under Ocean Blvd;https://www.letras.mus.br/lana-del-rey/did-you-know-that-theres-a-tunnel-under-ocean-blvd/
Diet Mountain Dew;https://www.letras.mus.br/lana-del-rey/1950261/
Disco;https://www.letras.mus.br/lana-del-rey/disco/
Doin' Time;https://www.letras.mus.br/lana-del-rey/doin-time/
Don't Call Me Angel (feat. Ariana Grande & Miley Cyrus);https://www.letras.mus.br/lana-del-rey/dont-call-me-angel-feat-ariana-grande-e-miley-cyrus/
Don't Let Me Be Misunderstood;https://www.letras.mus.br/lana-del-rey/dont-let-me-be-misunderstood/
Dragonslayer (Unreleased);https://www.letras.mus.br/lana-del-rey/dragonslayer-unreleased/
DreamGirl;https://www.letras.mus.br/lana-del-rey/dreamgirl/
Driving In Cars With Boys;https://www.letras.mus.br/lana-del-rey/1987318/
Dum Dum;https://www.letras.mus.br/lana-del-rey/dum-dum/
Dynamite;https://www.letras.mus.br/lana-del-rey/dynamite/
Earthquakes (Unreleased);https://www.letras.mus.br/lana-del-rey/earthquakes-unreleased/
Elvis;https://www.letras.mus.br/lana-del-rey/elvis/
End Of The World;https://www.letras.mus.br/lana-del-rey/end-of-the-world/
Every Man Gets His Wish;https://www.letras.mus.br/lana-del-rey/every-man-gets-his-wish/
Fake Diamonds;https://www.letras.mus.br/lana-del-rey/fake-diamonds/
Find My Own Way;https://www.letras.mus.br/lana-del-rey/find-my-own-way/
Fine China;https://www.letras.mus.br/lana-del-rey/fine-china/
Fingertips;https://www.letras.mus.br/lana-del-rey/fingertips/
Fishtail;https://www.letras.mus.br/lana-del-rey/fishtail/
Flipside;https://www.letras.mus.br/lana-del-rey/flipside/
Florida Kilos;https://www.letras.mus.br/lana-del-rey/florida-kilos/
For Free (feat. Zella Day & Weys Blood);https://www.letras.mus.br/lana-del-rey/for-free-feat-zella-day-e-weys-blood/
For K (part I);https://www.letras.mus.br/lana-del-rey/for-k-part-1/
For K (part II);https://www.letras.mus.br/lana-del-rey/2000364/
For You;https://www.letras.mus.br/lana-del-rey/for-you/
For You Baby (feat. Machine Gun Kelly);https://www.letras.mus.br/lana-del-rey/for-you-baby-feat-machine-gun-kelly/
Fordham Road;https://www.letras.mus.br/lana-del-rey/fordham-road/
Freak;https://www.letras.mus.br/lana-del-rey/freak/
French Restaurant;https://www.letras.mus.br/lana-del-rey/french-restaurant/
Fuck it I Love You;https://www.letras.mus.br/lana-del-rey/fuck-it-i-love-you/
Fuck It I Love You & The Greatest;https://www.letras.mus.br/lana-del-rey/fuck-it-i-love-you-e-the-greatest/
Fucked My Way Up To The Top;https://www.letras.mus.br/lana-del-rey/fucked-my-way-up-to-the-top/
Gangsta Boy;https://www.letras.mus.br/lana-del-rey/gangsta-boy/
Get Drunk (Unreleased);https://www.letras.mus.br/lana-del-rey/get-drunk/
Get Free;https://www.letras.mus.br/lana-del-rey/get-free/
Ghetto Baby;https://www.letras.mus.br/lana-del-rey/ghetto-baby/
Girl That Got Away;https://www.letras.mus.br/lana-del-rey/girl-that-got-away/
Go Go Dancer;https://www.letras.mus.br/lana-del-rey/go-go-dancer/
God Bless America - And All Beautiful Women In It;https://www.letras.mus.br/lana-del-rey/god-bless-america-and-all-beautiful-women-in-it/
God Knows I Tried;https://www.letras.mus.br/lana-del-rey/god-knows-i-tried/
God Save Our Young Blood (feat. Børns);https://www.letras.mus.br/lana-del-rey/god-save-our-young-blood/
Gods & Monsters;https://www.letras.mus.br/lana-del-rey/gods-e-monsters/
Golden Grill;https://www.letras.mus.br/lana-del-rey/golden-grill/
Goodbye Kiss;https://www.letras.mus.br/lana-del-rey/goodbye-kiss/
Gramma;https://www.letras.mus.br/lana-del-rey/1995868/
Grandfather please stand on the shoulders of my father while he's deep-sea fishing (feat. RIOPY);https://www.letras.mus.br/lana-del-rey/grandfather-please-stand-on-the-shoulders-of-my-father-while-hes-deep-sea-fishing/
Greenwich;https://www.letras.mus.br/lana-del-rey/greenwich/
Groupie Love (feat. A$AP Rocky);https://www.letras.mus.br/lana-del-rey/groupie-love/
Guns And Roses;https://www.letras.mus.br/lana-del-rey/guns-and-roses/
Hallucinogenics (feat. Matt Maeson);https://www.letras.mus.br/lana-del-rey/hallucinogenics-feat-matt-maeson/
Hangin' Around;https://www.letras.mus.br/lana-del-rey/hangin-aroung/
Happiest Girl In The Whole USA;https://www.letras.mus.br/lana-del-rey/happiest-girl-in-the-whole-usa/
Happiness Is a Butterfly;https://www.letras.mus.br/lana-del-rey/happiness-is-a-butterfly/
Happy;https://www.letras.mus.br/lana-del-rey/happy/
Have a Baby (Get Your Head Around);https://www.letras.mus.br/lana-del-rey/have-a-baby-get-your-head-around/
Hawaiian Tropic;https://www.letras.mus.br/lana-del-rey/hawaiian-tropic/
Heart Shaped Box;https://www.letras.mus.br/lana-del-rey/heart-shaped-box/
Heartshaped Chevrolet;https://www.letras.mus.br/lana-del-rey/heartshaped-chevrolet/
Heavy Hitter;https://www.letras.mus.br/lana-del-rey/heavy-hitter/
Heroin;https://www.letras.mus.br/lana-del-rey/heroin/
Hey Blue Baby;https://www.letras.mus.br/lana-del-rey/hey-blue-baby/
Hey You;https://www.letras.mus.br/lana-del-rey/hey-you/
High By The Beach;https://www.letras.mus.br/lana-del-rey/high-by-the-beach/
Hit And Run;https://www.letras.mus.br/lana-del-rey/hit-and-run/
Hollywood;https://www.letras.mus.br/lana-del-rey/hollywood-1/
Hollywood's Dead;https://www.letras.mus.br/lana-del-rey/hollywoods-dead/
Honeymoon;https://www.letras.mus.br/lana-del-rey/honeymoon/
hope is a dangerous thing for a woman like me to have - but i have it;https://www.letras.mus.br/lana-del-rey/hope-is-a-dangerous-thing-for-a-woman-like-me-to-have-but-i-have-it/
Hot Hot Hot;https://www.letras.mus.br/lana-del-rey/hot-hot-hot/
How To Disappear;https://www.letras.mus.br/lana-del-rey/how-to-disappear/
Hundred Dollar Bill;https://www.letras.mus.br/lana-del-rey/hundred-dollar-bill/
I Can Fly;https://www.letras.mus.br/lana-del-rey/i-can-fly/
I Don't Wanna Go;https://www.letras.mus.br/lana-del-rey/i-dont-wanna-go/
I Love Paris;https://www.letras.mus.br/lana-del-rey/i-love-paris/
I Must Be Stupid For Being So Happy;https://www.letras.mus.br/lana-del-rey/i-must-be-stupid-for-being-so-happy/
I Still Love Him (National Anthem Monologue);https://www.letras.mus.br/lana-del-rey/i-still-love-him-national-anthem-monologue/
I Talk To Jesus;https://www.letras.mus.br/lana-del-rey/i-talk-to-jesus/
I Want It All;https://www.letras.mus.br/lana-del-rey/i-want-it-all/
I Was In a Bad Way;https://www.letras.mus.br/lana-del-rey/i-was-in-a-bad-way/
I'll Be Home For Christmas;https://www.letras.mus.br/lana-del-rey/ill-be-home-for-christmas/
I'm Indebted To You;https://www.letras.mus.br/lana-del-rey/im-indebited-to-you/
Id Wild Boys (feat. Avicii);https://www.letras.mus.br/lana-del-rey/id-wild-boys-feat-avicii/
If You Lie Down With Me;https://www.letras.mus.br/lana-del-rey/if-you-lie-down-with-me/
In My Feelings;https://www.letras.mus.br/lana-del-rey/in-my-feelings/
In The Sun;https://www.letras.mus.br/lana-del-rey/in-the-sun/
In Wendy;https://www.letras.mus.br/lana-del-rey/in-wendy/
Interlude - The Trio;https://www.letras.mus.br/lana-del-rey/interlude-the-trio/
Iron;https://www.letras.mus.br/lana-del-rey/iron/
Is It Wrong?;https://www.letras.mus.br/lana-del-rey/is-it-wrong/
Is This Happiness;https://www.letras.mus.br/lana-del-rey/is-this-happiness/
Jealous Girl;https://www.letras.mus.br/lana-del-rey/jealous-girl/
JFK;https://www.letras.mus.br/lana-del-rey/jfk/
Jimmy Necco;https://www.letras.mus.br/lana-del-rey/jimmy-necco/
Jon Batiste Interlude;https://www.letras.mus.br/lana-del-rey/john-batiste-interlude/
Joshy And I;https://www.letras.mus.br/lana-del-rey/joshy-and-i/
Judah Smith Interlude;https://www.letras.mus.br/lana-del-rey/judah-smith-interlude/
Jump;https://www.letras.mus.br/lana-del-rey/1999471/
Kill Kill;https://www.letras.mus.br/lana-del-rey/1974436/
Kinda Outta Luck;https://www.letras.mus.br/lana-del-rey/1964166/
Kintsugi;https://www.letras.mus.br/lana-del-rey/kintsugi/
LA Who Am I To Love You;https://www.letras.mus.br/lana-del-rey/la-who-am-i-to-love-you/
Last Girl On Earth;https://www.letras.mus.br/lana-del-rey/last-girl-on-earth/
Let Me Love You Like a Woman;https://www.letras.mus.br/lana-del-rey/let-me-love-you-like-a-woman/
Let My Hair Down;https://www.letras.mus.br/lana-del-rey/let-my-hair-down/
Let The Light In (feat. Father John Misty);https://www.letras.mus.br/lana-del-rey/let-the-light-in-feat-father-john-misty/
Life Is Beautiful;https://www.letras.mus.br/lana-del-rey/life-is-beautiful/
Lift Your Eyes;https://www.letras.mus.br/lana-del-rey/lift-your-eyes/
Little Carmen;https://www.letras.mus.br/lana-del-rey/little-carmen/
Live Or Die;https://www.letras.mus.br/lana-del-rey/live-or-die/
Living Legend;https://www.letras.mus.br/lana-del-rey/living-legend/
Lolita;https://www.letras.mus.br/lana-del-rey/1974435/
Looking For America;https://www.letras.mus.br/lana-del-rey/looking-for-america/
Lost at Sea (feat. Rob Grant);https://www.letras.mus.br/lana-del-rey/lost-at-sea-feat-rob-grant/
Love;https://www.letras.mus.br/lana-del-rey/love/
Love song;https://www.letras.mus.br/lana-del-rey/love-song/
Lucky Ones;https://www.letras.mus.br/lana-del-rey/lucky-ones/
Lust For Life (Demo);https://www.letras.mus.br/lana-del-rey/lust-for-life-demo/
Lust For Life (feat. The Weeknd);https://www.letras.mus.br/lana-del-rey/lust-for-life/
Madly (Unreleased);https://www.letras.mus.br/lana-del-rey/madly-unreleased/
Maha Maha;https://www.letras.mus.br/lana-del-rey/maha-maha/
Making Out;https://www.letras.mus.br/lana-del-rey/making-out/
Margaret (feat. Bleachers);https://www.letras.mus.br/lana-del-rey/margaret-feat-bleachers/
Mariners Apartment Complex;https://www.letras.mus.br/lana-del-rey/mariners-apartment-complex/
Match Made In Heaven;https://www.letras.mus.br/lana-del-rey/match-made-in-heaven/
Meet Me In The Pale Moonlight;https://www.letras.mus.br/lana-del-rey/meet-me-in-the-pale-moonlight/
Mermaid Motel;https://www.letras.mus.br/lana-del-rey/1999472/
Methamphetamines;https://www.letras.mus.br/lana-del-rey/methamphetamines/
Midnight Dancer Girlfriend;https://www.letras.mus.br/lana-del-rey/midnight-dancer-girlfriend/
Million Dollar Man;https://www.letras.mus.br/lana-del-rey/1999475/
Miss America;https://www.letras.mus.br/lana-del-rey/miss-america/
Moi Je Joue;https://www.letras.mus.br/lana-del-rey/moi-je-joue/
Money Hunny;https://www.letras.mus.br/lana-del-rey/money-hunny/
Money Power Glory;https://www.letras.mus.br/lana-del-rey/money-power-glory/
More Mountains;https://www.letras.mus.br/lana-del-rey/more-mountains/
Motel 6;https://www.letras.mus.br/lana-del-rey/motel-6/
Music To Watch Boys To;https://www.letras.mus.br/lana-del-rey/music-to-watch-boys-to/
My Bedroom Is a Sacred Place Now – There Are Children At The Foot Of My Bed;https://www.letras.mus.br/lana-del-rey/my-bedroom-is-a-sacred-place-now-there-are-children-at-the-foot-of-my-bed/
My Best Days;https://www.letras.mus.br/lana-del-rey/my-best-days/
My Momma;https://www.letras.mus.br/lana-del-rey/my-momma/
My Song 57 (Coca-Cola);https://www.letras.mus.br/lana-del-rey/my-song-57/
National Anthem;https://www.letras.mus.br/lana-del-rey/1996011/
Nectar Of The Gods;https://www.letras.mus.br/lana-del-rey/nectar-of-the-gods/
Never Let Me Go;https://www.letras.mus.br/lana-del-rey/never-let-me-go/
Never To Heaven;https://www.letras.mus.br/lana-del-rey/never-to-heaven/
Next To Me (River Road);https://www.letras.mus.br/lana-del-rey/next-to-me/
Noir;https://www.letras.mus.br/lana-del-rey/noir/
Nomadic Humans;https://www.letras.mus.br/lana-del-rey/nomadic-humans/
Norman Fucking Rockwell;https://www.letras.mus.br/lana-del-rey/norman-fucking-rockwell/
North Chameleon Soul (Ride Monologue);https://www.letras.mus.br/lana-del-rey/north-chameleon-soul-ride-monologue/
Not All Who Wander Are Lost;https://www.letras.mus.br/lana-del-rey/not-all-who-wander-are-lost/
Off To The Races;https://www.letras.mus.br/lana-del-rey/2000366/
Oh Say Can You See;https://www.letras.mus.br/lana-del-rey/1995872/
Old Money;https://www.letras.mus.br/lana-del-rey/old-money/
On & On & On;https://www.letras.mus.br/lana-del-rey/going-on-e-on/
On Our Way;https://www.letras.mus.br/lana-del-rey/1992398/
Once Upon a Dream;https://www.letras.mus.br/lana-del-rey/once-upon-a-dream/
Ooh Baby;https://www.letras.mus.br/lana-del-rey/ooh-baby/
Other Woman (2010 Version);https://www.letras.mus.br/lana-del-rey/other-woman/
Out With a Bang;https://www.letras.mus.br/lana-del-rey/out-with-a-bang/
(Peace) All You Need;https://www.letras.mus.br/lana-del-rey/all-you-need/
Paradise;https://www.letras.mus.br/lana-del-rey/paradise/
Paradise Is Very Fragile;https://www.letras.mus.br/lana-del-rey/paradise-is-very-fragile/
Paris;https://www.letras.mus.br/lana-del-rey/paris/
Paris, Texas (feat. SYML);https://www.letras.mus.br/lana-del-rey/paris-texas/
Past The Bushes Cypress Thriving;https://www.letras.mus.br/lana-del-rey/past-the-bushes-cypress-thriving/
Pawn Shop Blues;https://www.letras.mus.br/lana-del-rey/1995866/
Peppers (feat. Tommy Genesis);https://www.letras.mus.br/lana-del-rey/peppers-feat-tommy-genesis/
Pin-Up Galore;https://www.letras.mus.br/lana-del-rey/pin-up-galore/
Pink Champagne (Unreleased);https://www.letras.mus.br/lana-del-rey/pink-champagne-unreleased/
Playground;https://www.letras.mus.br/lana-del-rey/playground/
Playing Dangerous;https://www.letras.mus.br/lana-del-rey/playing-dangerous/
Pretty Baby;https://www.letras.mus.br/lana-del-rey/pretty-baby/
Pretty When You Cry;https://www.letras.mus.br/lana-del-rey/pretty-when-you-cry/
Pride;https://www.letras.mus.br/lana-del-rey/pride/
Prisoner (feat. The Weeknd);https://www.letras.mus.br/lana-del-rey/prisoner/
Prom Song (Gone Wrong);https://www.letras.mus.br/lana-del-rey/prom-song-gone-wrong/
Puppy Love;https://www.letras.mus.br/lana-del-rey/puppy-love/
Push Me Down;https://www.letras.mus.br/lana-del-rey/push-me-down/
Put Me In a Movie;https://www.letras.mus.br/lana-del-rey/1995867/
Put The Radio On;https://www.letras.mus.br/lana-del-rey/put-the-radio-on/
Put Your Lips Together;https://www.letras.mus.br/lana-del-rey/put-your-lips-together/
Queen Of Disaster;https://www.letras.mus.br/lana-del-rey/queen-of-disaster/
Queen Of The Gas Station;https://www.letras.mus.br/lana-del-rey/1995871/
Quiet Waiter Blue Forever;https://www.letras.mus.br/lana-del-rey/blue-forever/
Radio;https://www.letras.mus.br/lana-del-rey/2005261/
Raise Me Up;https://www.letras.mus.br/lana-del-rey/1974438/
Rehab;https://www.letras.mus.br/lana-del-rey/rehab/
Religion;https://www.letras.mus.br/lana-del-rey/religion/
Resistance;https://www.letras.mus.br/lana-del-rey/resistance/
Ride;https://www.letras.mus.br/lana-del-rey/ride-1/
Ridin' (feat. ASAP Rocky);https://www.letras.mus.br/lana-del-rey/ridin/
Roadhouse Blues;https://www.letras.mus.br/lana-del-rey/roadhouse-blues/
Roses;https://www.letras.mus.br/lana-del-rey/roses/
Roses Bloom For You;https://www.letras.mus.br/lana-del-rey/roses-bloom-for-you/
Sad Girl;https://www.letras.mus.br/lana-del-rey/sad-girl/
Salamander;https://www.letras.mus.br/lana-del-rey/salamander/
Salvatore;https://www.letras.mus.br/lana-del-rey/salvatore/
Say Yes To Heaven;https://www.letras.mus.br/lana-del-rey/yes-to-heaven/
Say Yes To Heaven (Sped Up Version);https://www.letras.mus.br/lana-del-rey/say-yes-to-heaven-sped-up-version/
Scarface;https://www.letras.mus.br/lana-del-rey/scarface/
Season Of The Witch;https://www.letras.mus.br/lana-del-rey/season-of-the-witch/
Secret Life (feat. Bleachers);https://www.letras.mus.br/lana-del-rey/secret-life-feat-bleachers/
Serene Queen;https://www.letras.mus.br/lana-del-rey/serene-queen/
Serial Killer;https://www.letras.mus.br/lana-del-rey/serial-killer/
Shades Of Cool;https://www.letras.mus.br/lana-del-rey/shades-of-cool/
She's Not Me;https://www.letras.mus.br/lana-del-rey/shes-not-me/
Slow Gin Fizzz;https://www.letras.mus.br/lana-del-rey/slow-gin-fizzz/
Smarty;https://www.letras.mus.br/lana-del-rey/1995869/
Smile;https://www.letras.mus.br/lana-del-rey/smile/
Snow On The Beach (feat. Taylor Swift);https://www.letras.mus.br/lana-del-rey/snow-on-the-beach-feat-taylor-swift/
Snow On The Beach (feat. Taylor Swift) (More Lana Version);https://www.letras.mus.br/lana-del-rey/snow-on-the-beach-feat-taylor-swift-more-lana-version/
So Legit;https://www.letras.mus.br/lana-del-rey/so-legit/
Some Things Last a Long Time;https://www.letras.mus.br/lana-del-rey/some-things-last-a-long-time/
Spender (feat. Smiler);https://www.letras.mus.br/lana-del-rey/spender/
SportCruiser;https://www.letras.mus.br/lana-del-rey/sportcruiser/
St. Tropez (Party Girl);https://www.letras.mus.br/lana-del-rey/party-girl/
Stairway To Heaven;https://www.letras.mus.br/lana-del-rey/stairway-to-heaven/
Stargirl Interlude (feat. The Weeknd);https://www.letras.mus.br/lana-del-rey/stargirl-interlude-part-the-weeknd/
Starry Eyed;https://www.letras.mus.br/lana-del-rey/starry-eyed/
Stoplight De-lite;https://www.letras.mus.br/lana-del-rey/stoplight-de-lite/
Strange Love;https://www.letras.mus.br/lana-del-rey/strange-love/
Summer Bummer (feat. Playboi Carti & A$AP Rocky);https://www.letras.mus.br/lana-del-rey/summer-bummer/
Summer Of Sam;https://www.letras.mus.br/lana-del-rey/summer-of-sam/
Summer Wine;https://www.letras.mus.br/lana-del-rey/summer-wine/
Summertime Sadness;https://www.letras.mus.br/lana-del-rey/1999476/
Summertime The Gershwin Version;https://www.letras.mus.br/lana-del-rey/summertime-the-gershwin-version/
Super Movie (Unreleased);https://www.letras.mus.br/lana-del-rey/super-movie/
Swan Song;https://www.letras.mus.br/lana-del-rey/swan-song/
Sweet;https://www.letras.mus.br/lana-del-rey/sweet/
Sweet Carolina;https://www.letras.mus.br/lana-del-rey/sweet-carolina/
Taco Truck x VB;https://www.letras.mus.br/lana-del-rey/taco-truck-x-vb/
Television Heaven;https://www.letras.mus.br/lana-del-rey/television-heaven/
Ten Dollar Ring;https://www.letras.mus.br/lana-del-rey/ten-dollar-ring/
Terrence Loves You;https://www.letras.mus.br/lana-del-rey/terrence-loves-you/
Tessa DiPietro;https://www.letras.mus.br/lana-del-rey/tessa-dipietro/
Text Book;https://www.letras.mus.br/lana-del-rey/text-book/
The Blackest Day;https://www.letras.mus.br/lana-del-rey/the-blackest-day/
The Good Life;https://www.letras.mus.br/lana-del-rey/the-good-life/
The Grants;https://www.letras.mus.br/lana-del-rey/the-grants/
The greatest;https://www.letras.mus.br/lana-del-rey/the-greatest/
The Land Of 1000 Fires;https://www.letras.mus.br/lana-del-rey/the-land-of-1000-fires/
The Man I Love;https://www.letras.mus.br/lana-del-rey/the-man-i-love/
The Next Best American Record;https://www.letras.mus.br/lana-del-rey/the-next-best-american-record/
The Ocean;https://www.letras.mus.br/lana-del-rey/the-ocean/
The Other Woman;https://www.letras.mus.br/lana-del-rey/the-other-woman/
There's Nothing To Be Sorry About;https://www.letras.mus.br/lana-del-rey/theres-nothing-to-be-sorry-about/
This Is What Makes Us Girls;https://www.letras.mus.br/lana-del-rey/1999477/
Thunder;https://www.letras.mus.br/lana-del-rey/thunder/
Tired Of Singing The Blues;https://www.letras.mus.br/lana-del-rey/tired-of-singing-the-blues/
Tomorrow Never Came (feat. Sean Lennon);https://www.letras.mus.br/lana-del-rey/tomorrow-never-came/
Trash Magic (Unrealeased);https://www.letras.mus.br/lana-del-rey/2003789/
Tropico;https://www.letras.mus.br/lana-del-rey/tropico/
True Love On The Side;https://www.letras.mus.br/lana-del-rey/true-love-on-the-side/
Try Tonight;https://www.letras.mus.br/lana-del-rey/try-tonight/
Tulsa Jesus Freak;https://www.letras.mus.br/lana-del-rey/tulsa-jesus-freak/
TV In Black And White;https://www.letras.mus.br/lana-del-rey/tv-in-black-and-white/
Ultraviolence;https://www.letras.mus.br/lana-del-rey/ultraviolence/
Unidentified Flying Bill (feat. Barrie-James O'Neill);https://www.letras.mus.br/lana-del-rey/unidentified-flying-bill-feat-barrie-james-oneill/
Us Against The World;https://www.letras.mus.br/lana-del-rey/us-against-the-world/
Valley Of The Dolls;https://www.letras.mus.br/lana-del-rey/valley-of-the-dolls/
Velvet Crowbar;https://www.letras.mus.br/lana-del-rey/velvet-crowbar/
Venice Bitch;https://www.letras.mus.br/lana-del-rey/venice-bitch/
Video Games;https://www.letras.mus.br/lana-del-rey/1944481/
Violets for Roses;https://www.letras.mus.br/lana-del-rey/violet-for-roses/
Wait;https://www.letras.mus.br/lana-del-rey/wait/
Wait For Life (feat. Emile Haynie);https://www.letras.mus.br/lana-del-rey/wait-for-life-feat-emile-haynie/
Watercolor Eyes;https://www.letras.mus.br/lana-del-rey/watercolor-eyes/
Wayamaya;https://www.letras.mus.br/lana-del-rey/wayamaya/
West Coast;https://www.letras.mus.br/lana-del-rey/west-coast/
Westbound (Dear Elliot);https://www.letras.mus.br/lana-del-rey/westbound/
What Happened When I Left You;https://www.letras.mus.br/lana-del-rey/what-happened-when-i-left-you/
What's A Girl To Do (Unreleased);https://www.letras.mus.br/lana-del-rey/whats-a-girl-to-do-unreleased/
When The World Was At War We Kept Dancing;https://www.letras.mus.br/lana-del-rey/when-the-word-was-at-war-we-kept-dancing/
White Dress;https://www.letras.mus.br/lana-del-rey/white-dress/
White Mustang;https://www.letras.mus.br/lana-del-rey/white-mustang/
White Pontiac Heaven;https://www.letras.mus.br/lana-del-rey/white-pontiac-heaven/
Why Don’t You Do Right?;https://www.letras.mus.br/lana-del-rey/why-dont-you-do-right/
Wild At Heart;https://www.letras.mus.br/lana-del-rey/wild-at-heart/
Wild One;https://www.letras.mus.br/lana-del-rey/wild-one-2/
Wildflower Wildfire;https://www.letras.mus.br/lana-del-rey/wildflower-wildfire/
Without You;https://www.letras.mus.br/lana-del-rey/1999474/
Wolf T-Shirt;https://www.letras.mus.br/lana-del-rey/wolf-t-shirt/
Woman (feat. Cat Power);https://www.letras.mus.br/lana-del-rey/woman-feat-cat-power/
Wonderwall;https://www.letras.mus.br/lana-del-rey/wonderwall/
Yayo;https://www.letras.mus.br/lana-del-rey/1974437/
Yosemite;https://www.letras.mus.br/lana-del-rey/yosemite/
You & Me;https://www.letras.mus.br/lana-del-rey/you-e-me/
You Can Be The Boss;https://www.letras.mus.br/lana-del-rey/1995870/
You Must Love Me;https://www.letras.mus.br/lana-del-rey/you-must-love-me/
You, Mister;https://www.letras.mus.br/lana-del-rey/you-mister/
You're Gonna Love Me;https://www.letras.mus.br/lana-del-rey/youre-gonna-love-me/
Young And Beautiful;https://www.letras.mus.br/lana-del-rey/young-and-beautiful/
Your Band Is All The Rage;https://www.letras.mus.br/lana-del-rey/your-band-is-all-the-rage/
Your Girl;https://www.letras.mus.br/lana-del-rey/your-girl/
